,CO_mg_m3,NMHC_ppb,Benzene_ug_m3,NOx_ppb,NO2_ug_m3
CO_mg_m3,1.0,0.8871674980013836,0.9300084387599938,0.7864555550891428,0.6738395673370305
NMHC_ppb,0.8871674980013836,1.0,0.8979280925841174,0.8111819713709101,0.728051875042001
Benzene_ug_m3,0.9300084387599938,0.8979280925841174,1.0,0.7183438320017467,0.6032409562717634
NOx_ppb,0.7864555550891428,0.8111819713709101,0.7183438320017467,1.0,0.7570291238274579
NO2_ug_m3,0.6738395673370305,0.728051875042001,0.6032409562717634,0.7570291238274579,1.0
