hour,NMHC_ppb
0,100.86842105263158
1,74.75675675675676
2,61.37837837837838
3,
4,43.76923076923077
5,39.027027027027025
6,69.32432432432432
7,236.67567567567568
8,424.86486486486484
9,384.6756756756757
10,275.05405405405406
11,227.35135135135135
12,233.1081081081081
13,256.25
14,229.22857142857143
15,224.97058823529412
16,225.52777777777777
17,303.86486486486484
18,393.55263157894734
19,484.05263157894734
20,412.44736842105266
21,213.1578947368421
22,141.3684210526316
23,129.81578947368422
