dow,CO_mg_m3
0,2.066504854368932
1,2.4432258064516126
2,2.457866379310345
3,2.4853483606557374
4,2.5526892430278885
5,1.8970892018779344
6,1.4463293650793652
