dow,Benzene_ug_m3
0,10.263009708737863
1,12.353440860215054
2,12.17209051724138
3,12.161987704918033
4,12.48695219123506
5,8.835680751173708
6,6.038095238095238
