dow,NOx_ppb
0,241.2873786407767
1,277.4967741935484
2,281.57866379310343
3,283.30840163934425
4,284.33466135458167
5,229.581220657277
6,164.2123015873016
