dow,NO2_ug_m3
0,111.52135922330098
1,118.67204301075269
2,123.06573275862068
3,122.0235655737705
4,123.10358565737052
5,108.8112676056338
6,91.6547619047619
