dow,NMHC_ppb
0,188.03571428571428
1,248.52985074626866
2,234.859375
3,298.6564885496183
4,312.7022900763359
5,172.49019607843138
6,100.57303370786516
